time;open;high;low;close;tick_volume;spread;real_volume
2021-05-20;0.42;0.43;0.37;0.39;655;100;0
2021-05-21;0.39;0.4;0.31;0.3545;35262;80;0
2021-05-22;0.3545;0.3587;0.313;0.3381;36899;80;0
2021-05-23;0.3381;0.347;0.2449;0.2958;37004;80;0
2021-05-24;0.3226;0.3712;0.3106;0.3641;24083;40;0
2021-05-25;0.3641;0.3785;0.3208;0.3445;29106;40;0
2021-05-26;0.3445;0.3648;0.3356;0.3512;20355;40;0
2021-05-27;0.3512;0.3515;0.3266;0.3319;15899;40;0
2021-05-28;0.3319;0.3362;0.3008;0.3094;2496;40;0
2021-05-29;0.3094;0.316;0.2783;0.3009;24895;40;0
2021-05-30;0.3009;0.3088;0.285;0.3;20093;40;0
2021-05-31;0.3;0.3276;0.2922;0.3237;19986;40;0
2021-06-01;0.3237;0.382;0.3095;0.3681;25495;40;0
2021-06-02;0.3681;0.4437;0.3494;0.4214;35672;40;0
2021-06-03;0.4214;0.4389;0.3755;0.3988;29243;40;0
2021-06-04;0.3988;0.4;0.3484;0.3745;30854;36;0
2021-06-05;0.3745;0.3926;0.3583;0.3696;24415;36;0
2021-06-06;0.3696;0.3749;0.365;0.3695;14207;36;0
2021-06-07;0.3695;0.3777;0.3261;0.33;17141;32;0
2021-06-08;0.33;0.3399;0.2945;0.3246;25834;29;0
2021-06-09;0.3246;0.3526;0.3109;0.3416;24920;31;0
2021-06-10;0.3416;0.3434;0.3213;0.3244;19387;32;0
2021-06-11;0.3244;0.3318;0.3096;0.3172;14856;31;0
2021-06-12;0.3172;0.3176;0.2996;0.3105;16385;30;0
2021-06-13;0.3105;0.3283;0.3061;0.3275;9900;30;0
2021-06-16;0.3161;0.3162;0.3039;0.3062;6678;30;0
2021-06-17;0.3062;0.312;0.3012;0.3047;6858;30;0
2021-06-18;0.3047;0.3058;0.2786;0.2918;9990;28;0
2021-06-19;0.2918;0.2961;0.2845;0.2845;8726;28;0
2021-06-20;0.2844;0.2881;0.2545;0.286;12008;25;0
2021-06-24;0.2531;0.2677;0.2526;0.2622;2352;25;0
2021-06-25;0.2622;0.2749;0.2278;0.2365;20481;23;0
2021-06-26;0.2365;0.2539;0.2297;0.2444;20082;23;0
2021-06-27;0.2444;0.2519;0.2393;0.2409;11413;24;0
2021-06-28;0.2543;0.2601;0.2527;0.2558;4360;25;0
2021-06-29;0.2558;0.2738;0.253;0.2621;11992;25;0
2021-06-30;0.2621;0.2625;0.2367;0.2527;12286;24;0
2021-07-01;0.2527;0.2595;0.2372;0.2428;12212;24;0
2021-07-02;0.2428;0.2473;0.2374;0.2438;7845;24;0
2021-07-03;0.2438;0.2488;0.241;0.2452;7784;24;0
2021-07-04;0.2452;0.2516;0.2422;0.2478;5780;24;0
2021-07-05;0.2407;0.2431;0.2255;0.2299;6257;22;0
2021-07-06;0.2299;0.2401;0.2283;0.2331;7155;23;0
2021-07-07;0.2331;0.2356;0.2202;0.223;6527;22;0
2021-07-08;0.223;0.2237;0.2016;0.2059;9988;20;0
2021-07-09;0.2059;0.2285;0.1999;0.2187;12449;20;0
2021-07-10;0.2187;0.2268;0.2088;0.2127;9054;21;0
2021-07-11;0.2127;0.2178;0.2097;0.2138;5191;21;0
2021-07-16;0.183;0.1833;0.1704;0.1711;6204;17;0
2021-07-17;0.1711;0.2043;0.1682;0.186;11726;17;0
2021-07-18;0.186;0.1949;0.1801;0.1818;8891;18;0
2021-07-21;0.1836;0.2132;0.1834;0.1895;10256;18;0
2021-07-22;0.1895;0.1951;0.1861;0.1903;7242;18;0
2021-07-23;0.1903;0.1986;0.1825;0.1939;6408;18;0
2021-07-24;0.194;0.2035;0.1904;0.1961;8655;19;0
2021-07-25;0.1961;0.1997;0.1904;0.194;7216;19;0
2021-07-27;0.2015;0.2059;0.1965;0.205;3510;19;0
2021-07-28;0.205;0.2126;0.2009;0.2046;7832;20;0
2021-07-29;0.2046;0.2055;0.1995;0.204;5084;20;0
2021-07-30;0.204;0.2079;0.1952;0.2077;6073;19;0
2021-07-31;0.2077;0.2133;0.2039;0.2068;6339;20;0
2021-08-01;0.2068;0.2168;0.2054;0.21;6958;20;0
2021-08-02;0.206;0.206;0.2009;0.2023;3895;20;0
2021-08-03;0.2023;0.2032;0.1926;0.1951;4623;19;0
2021-08-04;0.1952;0.2021;0.1933;0.2004;4452;19;0
2021-08-05;0.2004;0.2012;0.1935;0.2;5168;19;0
2021-08-06;0.2;0.2107;0.1979;0.2037;5293;20;0
2021-08-07;0.2037;0.2615;0.2027;0.2607;16986;20;0
2021-08-08;0.2607;0.2812;0.234;0.2404;20767;23;0
2021-08-09;0.2533;0.265;0.2444;0.2551;8297;24;0
2021-08-10;0.2551;0.2617;0.2442;0.2561;11372;24;0
2021-08-11;0.2561;0.2814;0.2553;0.2635;13245;25;0
2021-08-12;0.2635;0.2758;0.2507;0.2628;15388;25;0
2021-08-13;0.2628;0.286;0.2604;0.2854;11048;26;0
2021-08-14;0.2854;0.2971;0.275;0.2927;18693;27;0
2021-08-15;0.2927;0.3231;0.2855;0.323;21241;28;0
2021-08-16;0.3337;0.3498;0.3088;0.318;17747;31;0
2021-08-17;0.318;0.3365;0.2935;0.2977;19006;29;0
2021-08-18;0.2977;0.3233;0.2826;0.3019;18335;28;0
2021-08-19;0.3019;0.3177;0.2936;0.3162;12640;29;0
2021-08-20;0.3162;0.3274;0.3136;0.3257;2246;31;0
2021-08-21;0.3257;0.3279;0.3132;0.3154;15579;31;0
2021-08-22;0.3154;0.32;0.3037;0.3073;12825;30;0
2021-08-23;0.3181;0.3264;0.3116;0.3165;10429;31;0
2021-08-24;0.3165;0.318;0.2752;0.2875;12707;27;0
2021-08-25;0.2875;0.2953;0.2783;0.2912;11756;28;0
2021-08-26;0.2912;0.2922;0.2631;0.2671;12164;26;0
2021-08-27;0.2671;0.2933;0.264;0.2932;9842;26;0
2021-08-28;0.2932;0.2979;0.2818;0.2844;9977;28;0
2021-08-29;0.2844;0.2905;0.2752;0.2821;8992;27;0
2021-08-31;0.2691;0.2844;0.2691;0.2768;8636;27;0
2021-09-01;0.2768;0.2934;0.2745;0.293;8608;27;0
2021-09-02;0.293;0.308;0.2905;0.293;10570;29;0
2021-09-03;0.293;0.3033;0.2896;0.2947;9588;29;0
2021-09-04;0.2947;0.3071;0.2919;0.2978;11552;29;0
2021-09-05;0.2978;0.3126;0.295;0.3092;9959;29;0
2021-09-06;0.3052;0.31;0.3031;0.3076;4363;30;0
2021-09-07;0.3076;0.3098;0.2142;0.2534;17825;21;0
2021-09-08;0.2535;0.2618;0.2328;0.2555;14796;23;0
2021-09-09;0.2555;0.2583;0.2477;0.2513;8509;25;0
2021-09-10;0.2513;0.2552;0.2344;0.2384;9314;23;0
2021-09-11;0.2384;0.2466;0.2368;0.2398;8270;23;0
2021-09-12;0.2398;0.2468;0.2376;0.2391;5879;24;0
2021-09-13;0.2382;0.2438;0.2273;0.2347;8973;23;0
2021-09-14;0.2347;0.2403;0.2331;0.2394;6159;23;0
2021-09-15;0.2394;0.247;0.2382;0.2465;4263;24;0
2021-09-16;0.2465;0.2467;0.2322;0.2408;5912;23;0
2021-09-17;0.2408;0.2583;0.2365;0.2388;8943;23;0
2021-09-18;0.2388;0.2462;0.2369;0.2402;6601;24;0
2021-09-19;0.2402;0.2402;0.2324;0.2356;4828;23;0
2021-09-21;0.2102;0.2171;0.1968;0.1998;9158;19;0
2021-09-22;0.1998;0.2291;0.1994;0.2235;10636;20;0
2021-09-23;0.2235;0.2261;0.2167;0.2235;7742;21;0
2021-09-24;0.2235;0.2264;0.196;0.2083;10949;19;0
2021-09-25;0.2083;0.2116;0.2035;0.2074;9573;20;0
2021-09-26;0.2074;0.2079;0.1933;0.207;8273;19;0
2021-09-28;0.1996;0.2017;0.1952;0.1956;4774;19;0
2021-09-29;0.1956;0.2031;0.1938;0.1976;4801;19;0
2021-09-30;0.1976;0.2047;0.1966;0.2033;4103;19;0
2021-10-01;0.2033;0.2239;0.2017;0.2217;6390;20;0
2021-10-02;0.2217;0.2237;0.2142;0.2176;7154;21;0
2021-10-03;0.2176;0.2254;0.2146;0.2205;6267;21;0
2021-10-04;0.2139;0.2472;0.2117;0.2401;11454;21;0
2021-10-05;0.2401;0.2663;0.2319;0.2506;13195;23;0
2021-10-06;0.2505;0.2702;0.2415;0.253;14333;24;0
2021-10-07;0.253;0.2556;0.2393;0.2417;10366;24;0
2021-10-08;0.2417;0.2535;0.2411;0.2423;8312;24;0
2021-10-09;0.2423;0.2495;0.2402;0.2454;7041;24;0
2021-10-10;0.2454;0.2473;0.2367;0.2386;5736;24;0
2021-10-11;0.2338;0.2382;0.224;0.2301;6128;22;0
2021-10-12;0.2301;0.2305;0.2155;0.225;5858;21;0
2021-10-13;0.225;0.2328;0.2196;0.2314;6321;22;0
2021-10-14;0.2314;0.2377;0.2301;0.2314;4292;23;0
2021-10-15;0.2314;0.2421;0.2236;0.2328;7390;22;0
2021-10-16;0.2328;0.2442;0.2327;0.236;7148;23;0
2021-10-17;0.236;0.2397;0.2251;0.2297;5564;22;0
2021-10-18;0.2587;0.2609;0.2428;0.246;8297;24;0
2021-10-19;0.246;0.2482;0.2392;0.2442;5550;24;0
2021-10-20;0.2442;0.2603;0.2422;0.2535;7189;24;0
2021-10-21;0.2535;0.2562;0.2402;0.2412;7806;24;0
2021-10-22;0.2412;0.2515;0.2361;0.2432;3516;23;0
2021-10-23;0.2432;0.2523;0.2399;0.2499;7611;24;0
2021-10-24;0.2499;0.2689;0.2447;0.2585;11650;24;0
2021-10-25;0.2622;0.2668;0.2581;0.2636;3811;26;0
2021-10-26;0.2636;0.2726;0.2512;0.2545;7891;25;0
2021-10-27;0.2545;0.2601;0.2172;0.236;17701;22;0
2021-10-28;0.236;0.3379;0.236;0.2982;33926;23;0
2021-10-29;0.2982;0.3053;0.2772;0.2864;14232;28;0
2021-10-30;0.2864;0.2932;0.2569;0.2676;13727;26;0
2021-10-31;0.2676;0.2809;0.2511;0.2719;14699;25;0
2021-11-01;0.2699;0.2739;0.2659;0.2705;4355;26;0
2021-11-02;0.2705;0.2796;0.2692;0.2726;8006;27;0
2021-11-03;0.2726;0.2761;0.2616;0.2677;7654;26;0
2021-11-04;0.2677;0.2696;0.2532;0.262;8393;25;0
2021-11-05;0.262;0.2694;0.2559;0.2598;7269;25;0
2021-11-06;0.2598;0.2663;0.2491;0.2606;8105;25;0
2021-11-07;0.2606;0.2684;0.2575;0.2631;5745;26;0
2021-11-08;0.273;0.2954;0.2697;0.2808;11177;27;0
2021-11-09;0.2808;0.2821;0.278;0.2796;353;28;0
2021-11-12;0.2577;0.2585;0.2567;0.2582;337;26;0
2021-11-13;0.2582;0.261;0.2532;0.26;5590;25;0
2021-11-14;0.26;0.2701;0.259;0.2606;5910;26;0
2021-11-16;0.2405;0.2441;0.2228;0.2359;6566;22;0
2021-11-17;0.2359;0.2401;0.2317;0.2364;6744;23;0
2021-11-18;0.2364;0.2372;0.2147;0.2205;10774;21;0
2021-11-19;0.2205;0.2359;0.2191;0.2321;7470;22;0
2021-11-20;0.2321;0.2348;0.2245;0.2321;8035;22;0
2021-11-21;0.2321;0.2327;0.226;0.2286;5985;22;0
2021-11-22;0.222;0.2262;0.2159;0.2186;6235;21;0
2021-11-23;0.2186;0.2356;0.2131;0.2259;9600;21;0
2021-11-24;0.2259;0.2265;0.225;0.2253;190;22;0
2021-11-25;0.2163;0.2165;0.2163;0.2164;3;21;0
2021-11-26;0.203;0.2047;0.2;0.201;720;20;0
2021-11-27;0.201;0.2084;0.2004;0.2041;6443;20;0
2021-11-28;0.2041;0.2041;0.1907;0.1993;7052;19;0
2021-11-30;0.2151;0.2238;0.2118;0.2134;7691;21;0
2021-12-01;0.2134;0.2179;0.2049;0.2084;7926;20;0
2021-12-02;0.2084;0.2221;0.2008;0.2085;10388;20;0
2021-12-03;0.2085;0.2111;0.1901;0.1991;8697;19;0
2021-12-04;0.1991;0.1994;0.1327;0.178;19674;13;0
2021-12-05;0.178;0.1806;0.1618;0.1686;14506;16;0
2021-12-06;0.1656;0.1799;0.1633;0.1775;7030;16;0
2021-12-07;0.1775;0.1829;0.1742;0.1756;8652;17;0
2021-12-08;0.1756;0.1813;0.1716;0.1783;7149;17;0
2021-12-09;0.1783;0.1816;0.1681;0.1683;7107;17;0
2021-12-10;0.1683;0.1737;0.1629;0.1633;6552;16;0
2021-12-11;0.1633;0.1692;0.1606;0.168;6722;16;0
2021-12-12;0.168;0.1725;0.1649;0.1707;4835;16;0
2021-12-13;0.1645;0.165;0.1508;0.1565;6059;15;0
2021-12-14;0.1565;0.2182;0.1543;0.1901;16662;15;0
2021-12-15;0.1901;0.1902;0.1698;0.18;9139;17;0
2021-12-16;0.18;0.1843;0.1715;0.1724;5659;17;0
2021-12-17;0.1724;0.1756;0.1608;0.1679;6402;16;0
2021-12-18;0.1679;0.1746;0.1653;0.1715;5901;16;0
2021-12-19;0.1715;0.1737;0.1686;0.1691;4229;17;0
2021-12-21;0.1699;0.1716;0.1672;0.17;2808;17;0
2021-12-22;0.17;0.1754;0.1696;0.1722;666;17;0
2021-12-23;0.1722;0.184;0.1705;0.184;1819;17;0
2021-12-24;0.184;0.19;0.1815;0.1855;934;18;0
2021-12-25;0.1855;0.1941;0.1841;0.1898;6558;18;0
2021-12-26;0.1898;0.191;0.1843;0.1892;4037;18;0
2021-12-27;0.1905;0.1918;0.186;0.187;2494;18;0
2021-12-28;0.187;0.1871;0.1712;0.1729;5075;17;0
2021-12-29;0.1729;0.1762;0.1656;0.1671;4879;16;0
2021-12-30;0.1671;0.1681;0.1644;0.1677;320;16;0
2021-12-31;0.1696;0.1704;0.1691;0.1695;330;17;0
2022-01-01;0.1695;0.1728;0.1689;0.1723;3908;17;0
2022-01-02;0.1723;0.1753;0.1698;0.1726;3300;17;0
2022-01-03;0.1711;0.1716;0.1667;0.1694;1988;16;0
2022-01-04;0.1694;0.1716;0.1659;0.1676;3488;16;0
2022-01-05;0.1676;0.1701;0.1468;0.1581;5938;14;0
2022-01-06;0.1581;0.1613;0.1538;0.1592;5004;15;0
2022-01-07;0.1592;0.1595;0.1531;0.1542;511;15;0
2022-01-08;0.1542;0.157;0.1448;0.1502;5964;14;0
2022-01-09;0.1502;0.153;0.1479;0.1521;4198;15;0
2022-01-10;0.1508;0.1511;0.1367;0.1424;5592;13;0
2022-01-11;0.1424;0.1659;0.1411;0.1529;7148;14;0
2022-01-12;0.1529;0.1545;0.1526;0.153;197;15;0
2022-01-14;0.1887;0.1895;0.1811;0.1823;866;18;0
2022-01-15;0.1823;0.1936;0.1808;0.1837;8882;18;0
2022-01-16;0.1837;0.1837;0.1727;0.1754;5879;17;0
2022-01-17;0.1701;0.1734;0.165;0.17;4923;16;0
2022-01-18;0.17;0.1733;0.161;0.1643;5889;16;0
2022-01-19;0.1643;0.1666;0.1604;0.1608;3723;16;0
2022-01-20;0.1608;0.1685;0.1533;0.1546;4965;15;0
2022-01-21;0.1546;0.1567;0.1393;0.1414;8545;14;0
2022-01-22;0.1414;0.1445;0.1196;0.1326;14062;12;0
2022-01-23;0.1326;0.1438;0.1314;0.1375;8302;13;0
2022-01-25;0.1348;0.1491;0.1343;0.142;5545;13;0
2022-01-26;0.142;0.1525;0.1403;0.1424;8086;14;0
2022-01-27;0.1424;0.1451;0.1356;0.1408;5466;13;0
2022-01-28;0.1408;0.1419;0.1372;0.1407;5116;13;0
2022-01-29;0.1407;0.1434;0.1399;0.1421;4527;14;0
2022-01-30;0.1421;0.1431;0.1379;0.1387;3908;14;0
2022-01-31;0.1368;0.1417;0.1365;0.1409;3277;13;0
2022-02-01;0.1409;0.1436;0.1403;0.1417;3761;14;0
2022-02-02;0.1417;0.1456;0.1353;0.1364;4415;13;0
2022-02-03;0.1364;0.1382;0.1342;0.1373;4287;13;0
2022-02-04;0.1373;0.1474;0.1364;0.1472;527;13;0
2022-02-05;0.1472;0.1498;0.1441;0.1462;4988;14;0
2022-02-06;0.1462;0.1549;0.144;0.1502;4660;14;0
2022-02-08;0.1585;0.1598;0.1524;0.1574;5019;15;0
2022-02-09;0.1574;0.1616;0.1544;0.1586;5280;15;0
2022-02-10;0.1586;0.1598;0.1497;0.1507;5865;15;0
2022-02-11;0.1507;0.1536;0.1417;0.1442;5154;14;0
2022-02-12;0.1442;0.1467;0.1402;0.1436;5451;14;0
2022-02-13;0.1436;0.1571;0.1431;0.154;6750;14;0
2022-02-14;0.1425;0.1468;0.1425;0.1451;3264;14;0
2022-02-15;0.1451;0.1517;0.1449;0.151;3672;14;0
2022-02-16;0.151;0.151;0.1456;0.1481;3372;14;0
2022-02-17;0.1481;0.1491;0.1364;0.1377;4422;13;0
2022-02-18;0.1377;0.1415;0.1355;0.1379;4230;13;0
2022-02-19;0.1379;0.1458;0.1378;0.1402;4738;14;0
2022-02-20;0.1402;0.1404;0.1347;0.1364;4038;13;0
2022-02-22;0.129;0.1312;0.1276;0.1307;3011;13;0
2022-02-23;0.1307;0.1348;0.1266;0.1267;4260;12;0
2022-02-24;0.1267;0.1271;0.1068;0.1234;8294;10;0
2022-02-25;0.1234;0.1277;0.12;0.1271;5700;12;0
2022-02-26;0.1271;0.1299;0.1251;0.1271;5216;12;0
2022-02-27;0.1271;0.1277;0.1208;0.1227;5604;12;0
2022-03-01;0.1305;0.1381;0.1292;0.1334;3952;13;0
2022-03-02;0.1334;0.1365;0.1301;0.1324;4832;13;0
2022-03-03;0.1324;0.1331;0.1266;0.129;4115;12;0
2022-03-04;0.129;0.1295;0.1196;0.1219;4536;12;0
2022-03-05;0.1219;0.1249;0.1204;0.1243;4108;12;0
2022-03-06;0.1243;0.1249;0.119;0.1201;3998;12;0
2022-03-07;0.1201;0.122;0.1128;0.1163;4846;11;0
2022-03-08;0.1163;0.1194;0.1148;0.1165;4942;11;0
2022-03-09;0.1165;0.1237;0.1159;0.1209;4455;11;0
2022-03-10;0.1209;0.1213;0.1141;0.1163;4694;11;0
2022-03-11;0.1163;0.118;0.1133;0.1149;4028;11;0
2022-03-12;0.1149;0.1167;0.1141;0.1142;3518;11;0
2022-03-13;0.1142;0.1157;0.1094;0.1109;3119;11;0
2022-03-14;0.1109;0.1213;0.1098;0.1133;4704;11;0
2022-03-15;0.1133;0.1137;0.1096;0.112;3658;11;0
2022-03-16;0.112;0.1165;0.1116;0.1165;4262;11;0
2022-03-17;0.1165;0.1187;0.1155;0.1158;3176;11;0
2022-03-18;0.1158;0.1189;0.1137;0.1186;3058;11;0
2022-03-19;0.1186;0.1245;0.1177;0.123;3601;12;0
2022-03-20;0.123;0.1234;0.1169;0.1186;3195;11;0
2022-03-21;0.1186;0.1211;0.1171;0.1187;3437;11;0
2022-03-22;0.1187;0.125;0.1181;0.1218;3503;12;0
2022-03-23;0.1218;0.1306;0.1205;0.1293;4740;12;0
2022-03-24;0.1293;0.1406;0.1272;0.1361;7263;12;0
2022-03-25;0.1361;0.137;0.127;0.1302;5401;12;0
2022-03-26;0.1302;0.1362;0.1285;0.1354;4103;13;0
2022-03-27;0.1354;0.1448;0.1348;0.1441;5903;13;0
2022-03-28;0.1441;0.1528;0.1402;0.1417;6585;14;0
2022-03-29;0.1417;0.1481;0.14;0.1437;5404;14;0
2022-03-30;0.1437;0.1448;0.1375;0.1424;5326;14;0
2022-03-31;0.1424;0.1472;0.1356;0.1375;5723;13;0
2022-04-01;0.1375;0.1421;0.1318;0.1407;5145;13;0
2022-04-02;0.1407;0.1436;0.1375;0.1381;4614;14;0
2022-04-03;0.1381;0.1487;0.1356;0.1458;5440;13;0
2022-04-04;0.1458;0.1556;0.1408;0.1477;8416;14;0
2022-04-05;0.1477;0.1785;0.1466;0.1719;12583;14;0
2022-04-06;0.1719;0.1735;0.1415;0.1427;12812;14;0
2022-04-07;0.1427;0.1475;0.1395;0.1453;7015;14;0
2022-04-08;0.1453;0.1523;0.1401;0.1418;7912;14;0
2022-04-09;0.1418;0.1439;0.1399;0.1435;3635;14;0
2022-04-10;0.1435;0.1568;0.1429;0.1474;6938;14;0
2022-04-11;0.1474;0.1506;0.1324;0.1334;7334;13;0
2022-04-12;0.1334;0.1437;0.1326;0.1373;6327;13;0
2022-04-13;0.1373;0.1425;0.1356;0.1392;4877;13;0
2022-04-14;0.1392;0.1467;0.1367;0.1433;6340;13;0
2022-04-15;0.1433;0.1489;0.1412;0.1452;5174;14;0
2022-04-16;0.1452;0.1472;0.1407;0.1429;3197;14;0
2022-04-17;0.1429;0.1442;0.1377;0.1385;3579;14;0
2022-04-18;0.1385;0.1398;0.1325;0.1395;4572;13;0
2022-04-19;0.1395;0.1438;0.1385;0.1419;4002;14;0
2022-04-20;0.1419;0.146;0.1383;0.14;5957;14;0
2022-04-21;0.14;0.1423;0.1335;0.1356;4974;13;0
2022-04-22;0.1356;0.1375;0.134;0.1357;4118;13;0
2022-04-23;0.1357;0.1361;0.1326;0.1332;2803;13;0
2022-04-24;0.1332;0.1341;0.1304;0.1311;3040;13;0
2022-04-25;0.1311;0.1698;0.122;0.1572;12269;12;0
2022-04-26;0.1572;0.1655;0.1348;0.137;12661;13;0
2022-04-27;0.137;0.1449;0.1345;0.1393;8100;13;0
2022-04-28;0.1393;0.1425;0.1347;0.1368;5849;13;0
2022-04-29;0.1368;0.1442;0.1326;0.1343;7422;13;0
2022-04-30;0.1343;0.1361;0.1237;0.1268;4740;12;0
2022-05-01;0.1268;0.1357;0.1255;0.1321;5423;12;0
2022-05-02;0.1321;0.1333;0.127;0.13;4433;12;0
2022-05-03;0.13;0.1313;0.1259;0.1288;3537;12;0
2022-05-04;0.1288;0.1354;0.1284;0.1353;4604;13;0
2022-05-05;0.1353;0.1369;0.1248;0.1275;6678;12;0
2022-05-06;0.1275;0.1291;0.1228;0.1271;5229;12;0
2022-05-07;0.1271;0.1316;0.1241;0.1268;5062;12;0
2022-05-08;0.1268;0.1276;0.1225;0.1234;4242;12;0
2022-05-09;0.1234;0.1246;0.0999;0.1013;8476;10;0
2022-05-10;0.1013;0.1176;0.0991;0.1075;10584;10;0
2022-05-11;0.1075;0.1103;0.0714;0.0844;21782;7;0
2022-05-12;0.0844;0.0891;0.0666;0.0819;20820;6;0
2022-05-13;0.0819;0.0946;0.0814;0.0875;16541;8;0
2022-05-14;0.0875;0.0914;0.0831;0.0889;10895;8;0
2022-05-15;0.0889;0.0927;0.086;0.0926;6982;8;0
2022-05-16;0.0926;0.0927;0.0854;0.0875;8211;8;0
2022-05-17;0.0875;0.0908;0.0864;0.0897;6144;8;0
2022-05-18;0.0897;0.0904;0.0827;0.0828;5679;8;0
2022-05-19;0.0828;0.087;0.0809;0.0861;7975;8;0
2022-05-20;0.0861;0.0874;0.082;0.0834;7473;8;0
2022-05-21;0.0834;0.0849;0.0819;0.0839;4291;8;0
2022-05-22;0.0839;0.0861;0.0833;0.0854;3577;8;0
2022-05-23;0.0854;0.0879;0.0816;0.0828;6035;8;0
2022-05-24;0.0828;0.0839;0.0797;0.0831;6582;8;0
2022-05-25;0.0831;0.084;0.0817;0.0824;6155;8;0
2022-05-26;0.0824;0.0832;0.0747;0.0774;5692;7;0
2022-05-27;0.0774;0.0886;0.0756;0.081;8527;7;0
2022-05-28;0.081;0.0828;0.0804;0.0814;5211;8;0
2022-05-29;0.0814;0.0828;0.0794;0.0822;4441;8;0
2022-05-30;0.0822;0.088;0.0817;0.0875;5500;8;0
2022-05-31;0.0875;0.088;0.0827;0.0854;4872;8;0
2022-06-01;0.0854;0.0888;0.0784;0.0805;5415;8;0
2022-06-02;0.0805;0.0826;0.0796;0.0823;4388;8;0
2022-06-03;0.0823;0.0825;0.0789;0.0798;3988;8;0
2022-06-04;0.0798;0.082;0.0789;0.0814;3565;8;0
2022-06-05;0.0814;0.0817;0.0801;0.0806;3088;8;0
2022-06-06;0.0806;0.0842;0.0804;0.082;4137;8;0
2022-06-07;0.082;0.0821;0.0773;0.0799;4351;7;0
2022-06-08;0.0799;0.0811;0.0784;0.0788;3723;8;0
2022-06-09;0.0788;0.0806;0.0785;0.0789;3377;8;0
2022-06-10;0.0789;0.0793;0.0738;0.0749;3761;7;0
2022-06-11;0.0749;0.076;0.0676;0.0694;4255;6;0
2022-06-12;0.0694;0.0699;0.0631;0.0632;5415;6;0
2022-06-13;0.0632;0.0659;0.0521;0.0539;9397;5;0
2022-06-14;0.0539;0.058;0.0495;0.0552;6335;5;0
2022-06-15;0.0552;0.0634;0.0501;0.0623;7387;5;0
2022-06-16;0.0623;0.0625;0.0539;0.0549;6237;5;0
2022-06-17;0.0549;0.0577;0.0543;0.0566;4735;5;0
2022-06-18;0.0566;0.0575;0.0489;0.0526;5407;5;0
2022-06-19;0.0526;0.0625;0.0509;0.0601;6828;5;0
2022-06-20;0.0601;0.0611;0.0571;0.0597;4729;5;0
2022-06-21;0.0597;0.0694;0.0586;0.0654;6226;6;0
2022-06-22;0.0654;0.0654;0.0607;0.0613;5687;6;0
2022-06-23;0.0613;0.0643;0.0612;0.0636;4195;6;0
2022-06-24;0.0636;0.068;0.0635;0.0665;4221;6;0
2022-06-25;0.0665;0.0689;0.0648;0.0681;4160;6;0
2022-06-26;0.0681;0.0771;0.0669;0.0726;5772;6;0
2022-06-27;0.0726;0.0783;0.0702;0.0716;6919;7;0
2022-06-28;0.0717;0.0728;0.0651;0.0657;6017;6;0
2022-06-29;0.0657;0.0711;0.0637;0.0691;6848;6;0
2022-06-30;0.0691;0.0693;0.0619;0.0659;7093;6;0
2022-07-01;0.0659;0.068;0.0635;0.066;6555;6;0
2022-07-02;0.066;0.0676;0.0652;0.0663;4892;6;0
2022-07-03;0.0663;0.0671;0.0645;0.0668;3586;6;0
2022-07-04;0.0668;0.0694;0.0653;0.069;3925;6;0
2022-07-05;0.069;0.0696;0.0652;0.0668;4744;6;0
2022-07-06;0.0668;0.0689;0.0658;0.068;5081;6;0
2022-07-07;0.068;0.0708;0.0675;0.0702;4358;6;0
2022-07-08;0.0702;0.073;0.0679;0.0687;4813;7;0
2022-07-09;0.0687;0.0698;0.0685;0.0691;3223;7;0
2022-07-10;0.0691;0.0691;0.066;0.0669;3379;6;0
2022-07-11;0.0669;0.0669;0.0608;0.0614;4303;6;0
2022-07-12;0.0614;0.0627;0.0594;0.0595;3941;6;0
2022-07-13;0.0595;0.0619;0.0574;0.0616;4477;5;0
2022-07-14;0.0616;0.0625;0.0592;0.0621;3842;6;0
2022-07-15;0.0621;0.0641;0.0613;0.0626;4139;6;0
2022-07-16;0.0626;0.0645;0.0615;0.064;3073;6;0
2022-07-17;0.064;0.0652;0.0626;0.0627;3108;6;0
2022-07-18;0.0627;0.0685;0.0627;0.0672;4149;6;0
2022-07-19;0.0672;0.0699;0.0651;0.0687;4787;6;0
2022-07-20;0.0687;0.0765;0.0674;0.0698;6543;6;0
2022-07-21;0.0698;0.0706;0.0667;0.0696;4760;6;0
2022-07-22;0.0696;0.071;0.0664;0.0671;3990;6;0
2022-07-23;0.0671;0.0692;0.0656;0.0677;3642;6;0
2022-07-24;0.0677;0.0686;0.0669;0.0672;2946;6;0
2022-07-25;0.0672;0.0676;0.0615;0.0616;3888;6;0
2022-07-26;0.0616;0.0623;0.0598;0.0622;3609;6;0
2022-07-27;0.0622;0.0669;0.0615;0.0669;3350;6;0
2022-07-28;0.0669;0.0705;0.0649;0.0688;4323;6;0
2022-07-29;0.0688;0.072;0.067;0.0684;5602;6;0
2022-07-30;0.0684;0.0741;0.0676;0.0693;4665;6;0
2022-07-31;0.0693;0.0719;0.0675;0.0678;4587;6;0
2022-08-01;0.0678;0.0709;0.0665;0.0681;5264;6;0
2022-08-02;0.0681;0.0687;0.0652;0.0662;5323;6;0
2022-08-03;0.0662;0.0681;0.0648;0.0659;4309;6;0
2022-08-04;0.0659;0.0673;0.0654;0.0669;4175;6;0
2022-08-05;0.0669;0.0699;0.0668;0.0695;4196;6;0
2022-08-06;0.0695;0.0709;0.0681;0.0683;3309;7;0
2022-08-07;0.0683;0.0697;0.0671;0.0686;2840;6;0
2022-08-08;0.0686;0.0721;0.0685;0.0698;4289;7;0
2022-08-09;0.0698;0.0739;0.0674;0.0687;5208;6;0
2022-08-10;0.0687;0.0711;0.0664;0.0709;4578;6;0
2022-08-11;0.0709;0.075;0.0701;0.0705;5814;7;0
2022-08-12;0.0705;0.0724;0.0694;0.072;4339;7;0
2022-08-13;0.072;0.0748;0.0715;0.0726;3957;7;0
2022-08-14;0.0726;0.0842;0.0723;0.0813;7867;7;0
2022-08-15;0.0813;0.0816;0.0743;0.0763;5987;7;0
2022-08-16;0.0763;0.0891;0.0758;0.0863;9977;7;0
2022-08-17;0.0863;0.0884;0.079;0.0798;6712;8;0
2022-08-18;0.0798;0.0818;0.0732;0.0744;5033;7;0
2022-08-19;0.0744;0.0749;0.0667;0.0674;6233;6;0
2022-08-20;0.0674;0.0708;0.0673;0.069;4762;6;0
2022-08-21;0.069;0.0704;0.0671;0.069;3571;6;0
2022-08-22;0.069;0.069;0.0649;0.0681;4202;6;0
2022-08-23;0.0681;0.0689;0.0666;0.0685;3304;6;0
2022-08-24;0.0685;0.0693;0.0667;0.0676;3412;6;0
2022-08-25;0.0676;0.0714;0.0673;0.0687;4087;6;0
2022-08-26;0.0686;0.0692;0.0625;0.0632;5829;6;0
2022-08-27;0.0632;0.0638;0.062;0.0632;3495;6;0
2022-08-28;0.0632;0.064;0.061;0.0615;2934;6;0
2022-08-29;0.0615;0.0637;0.0606;0.0635;3401;6;0
2022-08-30;0.0635;0.0641;0.0598;0.0612;3138;6;0
2022-08-31;0.0612;0.0631;0.0604;0.061;4095;6;0
2022-09-01;0.061;0.0623;0.0596;0.062;4065;6;0
2022-09-02;0.062;0.0625;0.0604;0.0613;3097;6;0
2022-09-03;0.0613;0.0637;0.0608;0.0624;2663;6;0
2022-09-04;0.0624;0.0636;0.0616;0.0629;2646;6;0
2022-09-05;0.0629;0.0634;0.0606;0.0624;2577;6;0
2022-09-06;0.0624;0.0648;0.0578;0.0586;3798;6;0
2022-09-07;0.0586;0.0612;0.0571;0.0607;3176;5;0
2022-09-08;0.0607;0.0611;0.0594;0.0607;3692;6;0
2022-09-09;0.0607;0.0645;0.0606;0.0635;4479;6;0
2022-09-10;0.0635;0.0651;0.0629;0.0644;3640;6;0
2022-09-11;0.0644;0.065;0.0624;0.0634;3004;6;0
2022-09-12;0.0634;0.0651;0.0623;0.0636;3858;6;0
2022-09-13;0.0636;0.0638;0.0589;0.0594;3809;6;0
2022-09-14;0.0594;0.0612;0.0589;0.0608;3333;6;0
2022-09-15;0.0608;0.0609;0.0582;0.0583;3112;6;0
2022-09-16;0.0583;0.0602;0.0578;0.0601;2807;6;0
2022-09-17;0.0601;0.0621;0.0599;0.0619;2100;6;0
2022-09-18;0.0619;0.0619;0.0561;0.0571;2721;5;0
2022-09-19;0.0571;0.0585;0.0556;0.0582;3107;5;0
2022-09-20;0.0582;0.0603;0.0573;0.0581;2964;5;0
2022-09-21;0.0581;0.0606;0.0558;0.0569;3495;5;0
2022-09-22;0.0569;0.0597;0.0565;0.0593;2736;5;0
2022-09-23;0.0593;0.0639;0.0588;0.063;5498;6;0
2022-09-24;0.063;0.0679;0.0624;0.0628;5378;6;0
2022-09-25;0.0628;0.0636;0.0598;0.0609;3080;6;0
2022-09-26;0.0609;0.0616;0.0595;0.0608;3729;6;0
2022-09-27;0.0608;0.0627;0.0594;0.0602;3814;6;0
2022-09-28;0.0602;0.0608;0.0582;0.0602;3545;6;0
2022-09-29;0.0602;0.0608;0.059;0.0606;3055;6;0
2022-09-30;0.0606;0.0619;0.0594;0.0614;3333;6;0
2022-10-01;0.0614;0.0628;0.06;0.0603;2740;6;0
2022-10-02;0.0603;0.0606;0.0585;0.059;2438;6;0
2022-10-03;0.059;0.0603;0.0585;0.06;2934;6;0
2022-10-04;0.06;0.0661;0.0597;0.0655;4523;6;0
2022-10-05;0.0655;0.0665;0.0625;0.0645;4626;6;0
2022-10-06;0.0645;0.0665;0.0625;0.0631;3674;6;0
2022-10-07;0.0631;0.0635;0.061;0.0621;2762;6;0
2022-10-08;0.0621;0.0623;0.0609;0.0613;2115;6;0
2022-10-09;0.0613;0.0621;0.0609;0.0618;2002;6;0
2022-10-10;0.0618;0.0622;0.0589;0.0591;2582;6;0
2022-10-11;0.0591;0.0606;0.0572;0.0599;3009;5;0
2022-10-12;0.0599;0.0607;0.059;0.0595;2698;6;0
2022-10-13;0.0595;0.0599;0.0548;0.0594;3777;5;0
2022-10-14;0.0594;0.0607;0.0578;0.0584;2675;6;0
2022-10-15;0.0584;0.0592;0.0577;0.0583;1938;6;0
2022-10-16;0.0583;0.0592;0.0582;0.0586;2171;6;0
2022-10-17;0.0586;0.0599;0.0583;0.0597;2382;6;0
2022-10-18;0.0597;0.0608;0.0582;0.0595;2992;6;0
2022-10-19;0.0595;0.0605;0.058;0.0584;2926;6;0
2022-10-20;0.0584;0.06;0.058;0.0591;2951;6;0
2022-10-21;0.0591;0.0592;0.0569;0.059;2549;5;0
2022-10-22;0.059;0.0596;0.0588;0.0594;1876;6;0
2022-10-23;0.0594;0.0602;0.0584;0.0601;2110;6;0
2022-10-24;0.0601;0.0606;0.0584;0.0592;2418;6;0
2022-10-25;0.0592;0.0639;0.0589;0.0627;3848;6;0
2022-10-26;0.0627;0.0732;0.0623;0.0723;7807;6;0
2022-10-27;0.0723;0.0851;0.0714;0.0765;13663;7;0
2022-10-28;0.0765;0.088;0.0722;0.0834;15665;7;0
2022-10-29;0.0834;0.1504;0.0826;0.1212;33689;2;0
2022-10-30;0.1212;0.1427;0.1113;0.1171;26152;11;0
2022-10-31;0.1171;0.1307;0.1137;0.1262;22567;11;0
2022-11-01;0.1262;0.1578;0.1239;0.1413;23725;12;0
2022-11-02;0.1413;0.1472;0.1216;0.127;20890;12;0
2022-11-03;0.127;0.1362;0.1193;0.122;13027;12;0
2022-11-04;0.122;0.1285;0.115;0.1255;13093;11;0
2022-11-05;0.1255;0.1351;0.1197;0.1238;10562;12;0
2022-11-06;0.1238;0.127;0.1114;0.1142;7948;11;0
2022-11-07;0.1142;0.1185;0.1071;0.1107;9459;10;0
2022-11-08;0.1107;0.1119;0.077;0.0878;19455;7;0
2022-11-09;0.0878;0.0916;0.0701;0.0739;26968;7;0
2022-11-10;0.0739;0.0932;0.0727;0.0891;20800;7;0
2022-11-11;0.0891;0.0928;0.0796;0.0846;19465;8;0
2022-11-12;0.0846;0.0942;0.078;0.0875;21086;8;0
2022-11-13;0.0875;0.0909;0.0823;0.0844;9487;8;0
2022-11-14;0.0844;0.0904;0.0787;0.0854;6688;8;0
2022-11-15;0.0854;0.0888;0.0844;0.0865;7183;8;0
2022-11-16;0.0865;0.0906;0.083;0.085;5972;8;0
2022-11-17;0.085;0.0868;0.0821;0.0841;5208;8;0
2022-11-18;0.0841;0.0862;0.0831;0.0841;5477;8;0
2022-11-19;0.0841;0.0845;0.0825;0.084;4936;8;0
2022-11-20;0.084;0.0852;0.0759;0.0766;4206;7;0
2022-11-21;0.0766;0.0769;0.071;0.0742;6528;7;0
2022-11-22;0.0742;0.0789;0.0727;0.0783;5566;7;0
2022-11-23;0.0783;0.083;0.0774;0.0814;5378;7;0
2022-11-24;0.0814;0.0838;0.0801;0.081;4229;8;0
2022-11-25;0.081;0.091;0.0801;0.089;4752;8;0
2022-11-26;0.089;0.0949;0.0871;0.0885;4880;8;0
2022-11-27;0.0885;0.107;0.0884;0.0981;6777;9;0
2022-11-28;0.0981;0.0991;0.0904;0.0947;6232;9;0
2022-11-29;0.0947;0.1045;0.0932;0.101;5969;9;0
2022-11-30;0.101;0.1091;0.0992;0.1062;6025;10;0
2022-12-01;0.1062;0.107;0.0999;0.1011;4406;10;0
2022-12-02;0.1011;0.1028;0.0965;0.1016;4440;9;0
2022-12-03;0.1016;0.1025;0.0977;0.0991;5426;10;0
2022-12-04;0.0991;0.1049;0.099;0.1036;4848;10;0
2022-12-05;0.1036;0.1107;0.0989;0.1009;4981;10;0
2022-12-06;0.1009;0.1021;0.0977;0.0997;5151;10;0
2022-12-07;0.0997;0.1007;0.0927;0.0953;5738;9;0
2022-12-08;0.0953;0.0987;0.0944;0.0982;6032;9;0
2022-12-09;0.0982;0.0986;0.0952;0.0962;2783;9;0
2022-12-10;0.0962;0.0969;0.0957;0.0958;1774;9;0
2022-12-11;0.0958;0.0967;0.0914;0.0922;1749;9;0
2022-12-12;0.0922;0.0924;0.0853;0.09;2501;8;0
2022-12-13;0.09;0.0942;0.0867;0.0903;2607;8;0
2022-12-14;0.0903;0.0921;0.0869;0.0878;2453;8;0
2022-12-15;0.0878;0.0882;0.0835;0.0843;2207;8;0
2022-12-16;0.0843;0.0867;0.0741;0.0754;2447;7;0
2022-12-17;0.0754;0.079;0.0753;0.0788;2251;7;0
2022-12-18;0.0788;0.0794;0.0773;0.0779;2040;7;0
2022-12-19;0.0779;0.079;0.0699;0.071;4125;7;0
2022-12-20;0.071;0.0752;0.0708;0.0745;5042;7;0
2022-12-21;0.0745;0.0747;0.0711;0.0733;4798;7;0
2022-12-22;0.0733;0.0774;0.0729;0.0765;5547;7;0
2022-12-23;0.0765;0.0786;0.0762;0.0768;4495;7;0
2022-12-24;0.0768;0.0778;0.0762;0.0771;2784;7;0
2022-12-25;0.0771;0.0773;0.0732;0.0756;3795;7;0
2022-12-26;0.0756;0.0762;0.0739;0.0753;3247;7;0
2022-12-27;0.0753;0.0758;0.0722;0.0733;3505;7;0
2022-12-28;0.0733;0.0735;0.0693;0.07;4747;7;0
2022-12-29;0.07;0.0712;0.0689;0.0705;4005;7;0
2022-12-30;0.0705;0.0711;0.0658;0.068;4524;6;0
2022-12-31;0.068;0.0709;0.0676;0.0699;4298;6;0
2023-01-01;0.0699;0.0705;0.0688;0.0699;3317;7;0
2023-01-02;0.0699;0.0729;0.0688;0.071;4009;7;0
2023-01-03;0.071;0.0719;0.0691;0.0701;3671;7;0
2023-01-04;0.0701;0.0732;0.0698;0.0727;4309;7;0
2023-01-05;0.0727;0.0749;0.0702;0.0711;5106;7;0
2023-01-06;0.0711;0.0724;0.0693;0.072;4542;7;0
2023-01-07;0.072;0.0726;0.0713;0.0718;2820;7;0
2023-01-08;0.0718;0.0735;0.0709;0.0732;3484;7;0
2023-01-09;0.0732;0.0792;0.0726;0.0753;6695;7;0
2023-01-10;0.0753;0.0775;0.0735;0.0774;5392;7;0
2023-01-11;0.0774;0.078;0.0743;0.0777;5080;7;0
2023-01-12;0.0777;0.0808;0.0751;0.0798;7402;7;0
2023-01-13;0.0798;0.0848;0.0785;0.0841;6693;8;0
2023-01-14;0.0841;0.092;0.0827;0.0869;10884;8;0
2023-01-15;0.0869;0.0874;0.0825;0.0857;7690;8;0
2023-01-16;0.0857;0.0876;0.0812;0.0832;7833;8;0
2023-01-17;0.0832;0.0846;0.0818;0.0824;6283;8;0
2023-01-18;0.0824;0.0893;0.079;0.0796;10817;8;0
2023-01-19;0.0796;0.0818;0.0794;0.0812;5580;8;0
2023-01-20;0.0812;0.0866;0.0802;0.0858;6082;8;0
2023-01-21;0.0858;0.0886;0.0838;0.0842;8277;8;0
2023-01-22;0.0842;0.0929;0.0841;0.0878;9369;8;0
2023-01-23;0.0878;0.091;0.086;0.0881;8270;8;0
2023-01-24;0.0881;0.0904;0.0824;0.0835;8033;8;0
2023-01-25;0.0835;0.0877;0.0814;0.0861;7949;8;0
2023-01-26;0.0861;0.0872;0.0844;0.0859;6495;8;0
2023-01-27;0.0859;0.0876;0.0834;0.0868;5704;8;0
2023-01-28;0.0868;0.0932;0.0864;0.0873;6658;8;0
2023-01-29;0.0873;0.0905;0.0869;0.0897;6020;8;0
2023-01-30;0.0897;0.0923;0.0843;0.0879;7831;8;0
2023-01-31;0.0879;0.0973;0.0878;0.0956;11959;9;0
2023-02-01;0.0956;0.0966;0.0878;0.0935;9477;9;0
2023-02-02;0.0935;0.0954;0.0897;0.0906;7058;9;0
2023-02-03;0.0906;0.0929;0.0899;0.0925;5942;9;0
2023-02-04;0.0925;0.0993;0.0921;0.0952;7545;9;0
2023-02-05;0.0952;0.0965;0.0901;0.0916;6943;9;0
2023-02-06;0.0916;0.0928;0.0883;0.0891;5993;9;0
2023-02-07;0.0891;0.0923;0.089;0.0921;5282;9;0
2023-02-08;0.0921;0.0929;0.0881;0.0897;5414;9;0
2023-02-09;0.0897;0.0905;0.0787;0.081;7622;8;0
2023-02-10;0.081;0.0826;0.079;0.0805;5901;8;0
2023-02-11;0.0805;0.0822;0.0803;0.0819;3338;8;0
2023-02-12;0.0819;0.0854;0.0808;0.0818;4956;8;0
2023-02-13;0.0818;0.086;0.0791;0.0817;7276;8;0
2023-02-14;0.0817;0.0833;0.0798;0.0832;5534;8;0
2023-02-15;0.0832;0.0891;0.0823;0.0888;6648;8;0
2023-02-16;0.0888;0.0914;0.0843;0.0845;7010;8;0
2023-02-17;0.0845;0.0881;0.0839;0.0873;4959;8;0
2023-02-18;0.0873;0.09;0.0863;0.0884;4594;8;0
2023-02-19;0.0884;0.0896;0.0853;0.0866;4883;8;0
2023-02-20;0.0866;0.0883;0.0848;0.0879;4680;8;0
2023-02-21;0.0879;0.0884;0.0839;0.085;4965;8;0
2023-02-22;0.085;0.088;0.0825;0.0851;6321;8;0
2023-02-23;0.0851;0.086;0.0831;0.0838;4661;8;0
2023-02-24;0.0838;0.0846;0.0789;0.0805;4854;8;0
2023-02-25;0.0805;0.0817;0.0782;0.0803;4255;8;0
2023-02-26;0.0803;0.0822;0.08;0.0818;2993;8;0
2023-02-27;0.0818;0.0819;0.0796;0.081;3706;8;0
2023-02-28;0.081;0.0827;0.0795;0.0805;4277;8;0
2023-03-01;0.0805;0.0824;0.0799;0.0815;3309;8;0
2023-03-02;0.0815;0.0818;0.0792;0.0802;3266;8;0
2023-03-03;0.0802;0.0802;0.0732;0.0765;4229;7;0
2023-03-04;0.0765;0.0769;0.0722;0.0743;3127;7;0
2023-03-05;0.0743;0.0757;0.0739;0.0744;3330;7;0
2023-03-06;0.0744;0.0748;0.0729;0.0744;3856;7;0
2023-03-07;0.0744;0.0756;0.0721;0.0737;4248;7;0
2023-03-08;0.0737;0.0739;0.0697;0.0708;4584;7;0
2023-03-09;0.0708;0.0719;0.0637;0.0656;5678;6;0
2023-03-10;0.0656;0.0659;0.0623;0.0656;5974;6;0
2023-03-11;0.0656;0.0683;0.0634;0.0662;6488;6;0
2023-03-12;0.0662;0.0711;0.0655;0.0707;5086;6;0
2023-03-13;0.0707;0.0735;0.068;0.0727;6850;7;0
2023-03-14;0.0727;0.0775;0.0711;0.0744;7826;7;0
2023-03-15;0.0744;0.0758;0.0673;0.0696;7499;6;0
2023-03-16;0.0696;0.0738;0.0687;0.0723;6432;7;0
2023-03-17;0.0723;0.077;0.0713;0.0762;6653;7;0
2023-03-18;0.0762;0.0786;0.0723;0.0728;7247;7;0
2023-03-19;0.0728;0.0763;0.0728;0.0744;5629;7;0
2023-03-20;0.0744;0.0754;0.0702;0.0712;7371;7;0
2023-03-21;0.0712;0.0776;0.0702;0.0764;8539;7;0
2023-03-22;0.0764;0.0778;0.0713;0.0736;8374;7;0
2023-03-23;0.0736;0.0788;0.0728;0.0771;6603;7;0
2023-03-24;0.0771;0.0772;0.0727;0.0742;5759;7;0
2023-03-25;0.0742;0.0756;0.0722;0.0737;5179;7;0
2023-03-26;0.0737;0.0751;0.0731;0.074;3959;7;0
2023-03-27;0.074;0.0758;0.071;0.0726;5767;7;0
2023-03-28;0.0726;0.0737;0.0713;0.0735;4843;7;0
2023-03-29;0.0735;0.0764;0.0732;0.0752;4617;7;0
2023-03-30;0.0752;0.0765;0.073;0.0739;4732;7;0
2023-03-31;0.0739;0.0775;0.0731;0.0765;4328;7;0
2023-04-01;0.0765;0.0829;0.0756;0.0814;6127;7;0
2023-04-02;0.0814;0.0851;0.077;0.0787;7465;7;0
2023-04-03;0.0787;0.1042;0.0757;0.0955;14320;7;0
2023-04-04;0.0955;0.103;0.0918;0.0947;16493;9;0
2023-04-05;0.0947;0.0987;0.0902;0.0922;11025;9;0
2023-04-06;0.0922;0.0923;0.0836;0.084;7723;8;0
2023-04-07;0.084;0.0855;0.0791;0.0819;5613;8;0
2023-04-08;0.0819;0.0835;0.08;0.081;6560;8;0
2023-04-09;0.081;0.0835;0.0807;0.0828;6716;8;0
2023-04-10;0.0828;0.085;0.0819;0.0844;4970;8;0
2023-04-11;0.0844;0.0854;0.0833;0.0838;4625;8;0
2023-04-12;0.0838;0.0843;0.0806;0.0831;5631;8;0
2023-04-13;0.0831;0.0884;0.0825;0.0869;5551;8;0
2023-04-14;0.0869;0.091;0.085;0.0883;7290;8;0
2023-04-15;0.0883;0.0901;0.0868;0.0885;4449;8;0
2023-04-16;0.0885;0.0914;0.0873;0.09;5072;8;0
2023-04-17;0.09;0.0944;0.0877;0.091;8409;9;0
2023-04-18;0.091;0.0945;0.0894;0.0937;6134;9;0
2023-04-19;0.0937;0.0937;0.085;0.0875;7982;8;0
2023-04-20;0.0875;0.093;0.0821;0.0835;10891;8;0
2023-04-21;0.0835;0.0843;0.076;0.0781;6688;7;0
2023-04-22;0.0781;0.0806;0.0778;0.0799;3634;8;0
2023-04-23;0.0799;0.0804;0.0763;0.0784;4273;7;0
2023-04-24;0.0784;0.0796;0.0768;0.0784;4412;7;0
2023-04-25;0.0784;0.0795;0.0772;0.0794;4230;7;0
2023-04-26;0.0794;0.0832;0.0745;0.0782;5970;7;0
2023-04-27;0.0782;0.0806;0.078;0.0797;4900;8;0
2023-04-28;0.0797;0.0803;0.0787;0.08;3719;8;0
2023-04-29;0.08;0.0816;0.0798;0.0812;2692;8;0
2023-04-30;0.0812;0.0814;0.0789;0.0791;3078;8;0
2023-05-01;0.0791;0.0797;0.077;0.0784;3700;7;0
2023-05-02;0.0784;0.0787;0.0772;0.0784;3396;7;0
2023-05-03;0.0784;0.0803;0.0768;0.0792;3682;7;0
2023-05-04;0.0792;0.0793;0.0776;0.078;3210;7;0
2023-05-05;0.078;0.0811;0.0769;0.0799;3699;7;0
2023-05-06;0.0799;0.0802;0.0755;0.0765;3876;7;0
2023-05-07;0.0765;0.0772;0.0759;0.0762;2683;7;0
2023-05-08;0.0763;0.0768;0.0695;0.0721;4316;7;0
2023-05-09;0.0721;0.073;0.0718;0.0728;3256;7;0
2023-05-10;0.0728;0.0744;0.0701;0.0728;4040;7;0
2023-05-11;0.0728;0.0728;0.0689;0.0716;4280;7;0
2023-05-12;0.0716;0.0724;0.069;0.072;4713;7;0
2023-05-13;0.072;0.0721;0.071;0.0714;2901;7;0
2023-05-14;0.0714;0.0723;0.0708;0.0716;2731;7;0
2023-05-15;0.0716;0.0733;0.0706;0.0716;3353;7;0
2023-05-16;0.0716;0.0729;0.0706;0.0724;3283;7;0
2023-05-17;0.0724;0.075;0.0719;0.0745;4148;7;0
2023-05-18;0.0745;0.0745;0.0713;0.0731;3516;7;0
2023-05-19;0.0731;0.0737;0.0726;0.0731;2835;7;0
2023-05-20;0.0731;0.0735;0.0727;0.0733;2088;7;0
2023-05-21;0.0733;0.0736;0.0716;0.0718;2594;7;0
2023-05-22;0.0718;0.0736;0.0704;0.0725;3272;7;0
2023-05-23;0.0725;0.0736;0.0721;0.0725;2688;7;0
2023-05-24;0.0725;0.0725;0.069;0.0703;3216;7;0
2023-05-25;0.0703;0.0707;0.0683;0.0705;2721;7;0
2023-05-26;0.0705;0.071;0.07;0.0706;2414;7;0
2023-05-27;0.0706;0.0731;0.0705;0.0722;2276;7;0
2023-05-28;0.0722;0.0736;0.0715;0.0732;2568;7;0
2023-05-29;0.0732;0.0736;0.0723;0.0728;2421;7;0
2023-05-30;0.0728;0.0731;0.0716;0.0719;2471;7;0
2023-05-31;0.0719;0.0723;0.0702;0.0713;2479;7;0
2023-06-01;0.0713;0.0718;0.0704;0.0711;2469;7;0
2023-06-02;0.0711;0.073;0.0706;0.0722;2502;7;0
2023-06-03;0.0722;0.0726;0.0718;0.0724;1978;7;0
2023-06-04;0.0724;0.0729;0.072;0.0721;2222;7;0
2023-06-05;0.0721;0.0723;0.063;0.0661;3797;6;0
2023-06-06;0.0661;0.0716;0.0656;0.0699;3729;6;0
2023-06-07;0.0699;0.07;0.0664;0.067;3751;6;0
2023-06-08;0.067;0.0682;0.0667;0.0676;2911;6;0
2023-06-09;0.0676;0.0708;0.0671;0.0691;3525;6;0
2023-06-10;0.0691;0.0707;0.0556;0.0615;7779;5;0
2023-06-11;0.0615;0.0626;0.0607;0.0612;3673;6;0
2023-06-12;0.0612;0.0614;0.0596;0.0611;3698;6;0
2023-06-13;0.0611;0.0624;0.0603;0.0614;3439;6;0
2023-06-14;0.0614;0.0619;0.0584;0.0601;3752;6;0
2023-06-15;0.0601;0.0616;0.0593;0.0612;3894;6;0
2023-06-16;0.0612;0.0624;0.0604;0.0618;3274;6;0
2023-06-17;0.0618;0.0626;0.0614;0.0619;2418;6;0
2023-06-18;0.0619;0.0636;0.0608;0.0618;3481;6;0
2023-06-19;0.0618;0.0625;0.0613;0.0621;2887;6;0
2023-06-20;0.0621;0.0628;0.0604;0.0628;3204;6;0
2023-06-21;0.0628;0.0664;0.0625;0.0653;4951;6;0
2023-06-22;0.0653;0.0689;0.0651;0.0652;5561;6;0
2023-06-23;0.0652;0.0698;0.065;0.0679;4834;6;0
2023-06-24;0.0679;0.0681;0.065;0.0664;4275;6;0
2023-06-25;0.0664;0.0677;0.0661;0.0664;4723;6;0
2023-06-26;0.0664;0.0665;0.0631;0.0645;4182;6;0
2023-06-27;0.0645;0.0655;0.0641;0.0653;3974;6;0
2023-06-28;0.0653;0.0656;0.0611;0.0622;4531;6;0
2023-06-29;0.0622;0.0638;0.0621;0.0631;3377;6;0
2023-06-30;0.0631;0.0666;0.0622;0.0661;5455;6;0
2023-07-01;0.0661;0.0709;0.0661;0.0682;5599;6;0
2023-07-02;0.0682;0.0688;0.066;0.0677;4622;6;0
2023-07-03;0.0677;0.0685;0.0669;0.0681;3888;6;0
2023-07-04;0.0681;0.0681;0.0677;0.0677;133;7;0
